{
  "logistic_regression": {
    "metrics": {
      "accuracy": 0.9029304029304029,
      "precision": 0.8469387755102041,
      "recall": 0.8783068783068783,
      "f1": 0.8623376623376623,
      "roc_auc": 0.9577460613875179,
      "confusion_matrix": [
        [
          327,
          30
        ],
        [
          23,
          166
        ]
      ]
    },
    "classification_report": "              precision    recall  f1-score   support\n\n           0     0.9343    0.9160    0.9250       357\n           1     0.8469    0.8783    0.8623       189\n\n    accuracy                         0.9029       546\n   macro avg     0.8906    0.8971    0.8937       546\nweighted avg     0.9041    0.9029    0.9033       546\n",
    "top_terms": {
      "positive": [
        [
          "broke",
          4.379082131100942
        ],
        [
          "breakup",
          3.947204156318369
        ],
        [
          "ex",
          2.793666529121005
        ],
        [
          "miss",
          2.67458368440635
        ],
        [
          "love",
          2.435194908924719
        ],
        [
          "pain",
          2.1538710787318784
        ],
        [
          "months",
          1.9678545045162357
        ],
        [
          "break",
          1.932132517784119
        ],
        [
          "broken",
          1.8329175438133083
        ],
        [
          "contact",
          1.7177124101943566
        ],
        [
          "did",
          1.661492860938547
        ],
        [
          "days",
          1.575372119276736
        ],
        [
          "loved",
          1.5724302120608487
        ],
        [
          "anymore",
          1.5036749044094073
        ],
        [
          "hope",
          1.4936099617220864
        ]
      ],
      "negative": [
        [
          "comment",
          -7.430738108487243
        ],
        [
          "boyfriend",
          -1.8766628708665491
        ],
        [
          "husband",
          -1.7864100093713469
        ],
        [
          "christmas",
          -1.6297118276430922
        ],
        [
          "really",
          -1.583268792446559
        ],
        [
          "bf",
          -1.5021004919979757
        ],
        [
          "friend",
          -1.4350464216972094
        ],
        [
          "sex",
          -1.3834912295622417
        ],
        [
          "tell",
          -1.361870956517415
        ],
        [
          "partner",
          -1.2869870811486646
        ],
        [
          "gf",
          -1.2083931778270012
        ],
        [
          "school",
          -1.1929511835858437
        ],
        [
          "does",
          -1.184405227301014
        ],
        [
          "situation",
          -1.0725166917487492
        ],
        [
          "job",
          -1.042130119831762
        ]
      ]
    }
  },
  "decision_tree": {
    "metrics": {
      "accuracy": 0.8131868131868132,
      "precision": 0.7230769230769231,
      "recall": 0.746031746031746,
      "f1": 0.734375,
      "roc_auc": 0.7990455441435833,
      "confusion_matrix": [
        [
          303,
          54
        ],
        [
          48,
          141
        ]
      ]
    },
    "classification_report": "              precision    recall  f1-score   support\n\n           0     0.8632    0.8487    0.8559       357\n           1     0.7231    0.7460    0.7344       189\n\n    accuracy                         0.8132       546\n   macro avg     0.7932    0.7974    0.7952       546\nweighted avg     0.8147    0.8132    0.8139       546\n"
  }
}