{
  "logistic_regression": {
    "metrics": {
      "accuracy": 0.8681318681318682,
      "precision": 0.806282722513089,
      "recall": 0.8148148148148148,
      "f1": 0.8105263157894737,
      "roc_auc": 0.9390422835800988,
      "confusion_matrix": [
        [
          320,
          37
        ],
        [
          35,
          154
        ]
      ]
    },
    "classification_report": "              precision    recall  f1-score   support\n\n           0     0.9014    0.8964    0.8989       357\n           1     0.8063    0.8148    0.8105       189\n\n    accuracy                         0.8681       546\n   macro avg     0.8538    0.8556    0.8547       546\nweighted avg     0.8685    0.8681    0.8683       546\n"
  },
  "decision_tree": {
    "metrics": {
      "accuracy": 0.8003663003663004,
      "precision": 0.7247191011235955,
      "recall": 0.6825396825396826,
      "f1": 0.7029972752043597,
      "roc_auc": 0.7745764972655729,
      "confusion_matrix": [
        [
          308,
          49
        ],
        [
          60,
          129
        ]
      ]
    },
    "classification_report": "              precision    recall  f1-score   support\n\n           0     0.8370    0.8627    0.8497       357\n           1     0.7247    0.6825    0.7030       189\n\n    accuracy                         0.8004       546\n   macro avg     0.7808    0.7726    0.7763       546\nweighted avg     0.7981    0.8004    0.7989       546\n"
  },
  "linear_svm": {
    "metrics": {
      "accuracy": 0.9047619047619048,
      "precision": 0.8743169398907104,
      "recall": 0.8465608465608465,
      "f1": 0.8602150537634409,
      "roc_auc": 0.957983193277311,
      "confusion_matrix": [
        [
          334,
          23
        ],
        [
          29,
          160
        ]
      ]
    },
    "classification_report": "              precision    recall  f1-score   support\n\n           0     0.9201    0.9356    0.9278       357\n           1     0.8743    0.8466    0.8602       189\n\n    accuracy                         0.9048       546\n   macro avg     0.8972    0.8911    0.8940       546\nweighted avg     0.9043    0.9048    0.9044       546\n",
    "top_terms": {
      "positive": [
        [
          "breakup",
          1.918819918121156
        ],
        [
          "broke",
          1.7980984671253302
        ],
        [
          "struggling",
          1.55994957497745
        ],
        [
          "miss",
          1.5053292350309635
        ],
        [
          "breakups",
          1.4230043828975598
        ],
        [
          "pain",
          1.3308899499560178
        ],
        [
          "did",
          1.1590207870580558
        ],
        [
          "days",
          1.1531556230969127
        ],
        [
          "breaking",
          1.1327461453840417
        ],
        [
          "wasn",
          1.1253732362862978
        ],
        [
          "days ago",
          1.1218342327027615
        ],
        [
          "friends family",
          1.1217656636114994
        ],
        [
          "healing",
          1.1211687854074794
        ],
        [
          "love",
          1.1202982965335937
        ],
        [
          "new",
          1.1004380205081838
        ],
        [
          "message",
          1.0860525252463877
        ],
        [
          "dogs",
          1.0576097663420674
        ],
        [
          "anymore",
          1.0504917779696386
        ],
        [
          "end",
          1.0136838625369875
        ],
        [
          "song",
          1.0130962214077477
        ]
      ],
      "negative": [
        [
          "comment",
          -4.6646582071937805
        ],
        [
          "christmas",
          -1.6828510776006347
        ],
        [
          "boyfriend",
          -1.494384739906718
        ],
        [
          "husband",
          -1.4892444616375078
        ],
        [
          "bf",
          -1.4215833356834902
        ],
        [
          "really",
          -1.297649679954519
        ],
        [
          "thinks",
          -1.2136043942818837
        ],
        [
          "school",
          -1.1991419580665224
        ],
        [
          "gf",
          -1.1991137018020048
        ],
        [
          "tldr",
          -1.1688120977883116
        ],
        [
          "tell",
          -1.0964682311345073
        ],
        [
          "hurtful",
          -1.0726477951531577
        ],
        [
          "explanation",
          -1.0582547047475757
        ],
        [
          "began",
          -1.0368426991964124
        ],
        [
          "asked",
          -1.0208175262581332
        ],
        [
          "partner",
          -1.002369855768466
        ],
        [
          "messaged",
          -0.9899377777950178
        ],
        [
          "sex",
          -0.9887723225580456
        ],
        [
          "situation",
          -0.9794921152022972
        ],
        [
          "does",
          -0.9763338725642519
        ]
      ]
    }
  }
}